<?xml version="1.0" encoding="UTF-8"?>
<project-private xmlns="http://www.netbeans.org/ns/project-private/1">
    <editor-bookmarks xmlns="http://www.netbeans.org/ns/editor-bookmarks/2" lastBookmarkId="0"/>
    <open-files xmlns="http://www.netbeans.org/ns/projectui-open-files/2">
        <group>
            <file>file:/home/antonio/Documentos/Facultad/Tercero/Informatica/Primer%20Cuatri/PDOO/Practicas/Civitas/src/vistaTextualCivitas/VistaTextual.java</file>
            <file>file:/home/antonio/Documentos/Facultad/Tercero/Informatica/Primer%20Cuatri/PDOO/Practicas/Civitas/src/civitas/Casilla.java</file>
            <file>file:/home/antonio/Documentos/Facultad/Tercero/Informatica/Primer%20Cuatri/PDOO/Practicas/Civitas/src/controladorCivitas/Controlador.java</file>
            <file>file:/home/antonio/Documentos/Facultad/Tercero/Informatica/Primer%20Cuatri/PDOO/Practicas/Civitas/src/civitas/CivitasJuego.java</file>
            <file>file:/home/antonio/Documentos/Facultad/Tercero/Informatica/Primer%20Cuatri/PDOO/Practicas/Civitas/src/JuegoTexto.java</file>
        </group>
    </open-files>
</project-private>
